-- Очистка и сброс
DELETE FROM translation; DELETE FROM phrase; DELETE FROM category; DELETE FROM language;
ALTER SEQUENCE phrase_seq RESTART WITH 50;
ALTER SEQUENCE translation_seq RESTART WITH 100;

-- Языки
INSERT INTO language (id, code, name) VALUES (1, 'en', 'English'), (2, 'ru', 'Russian'),(3, 'es', 'Spanish');

-- Категории
INSERT INTO category (id, name) VALUES (1, 'Основные слова'), (2, 'Ресторан'), (3, 'Транспорт'),(4, 'Отель'), (5, 'Медицина');
-- Фразы и переводы
INSERT INTO phrase (id, original_text, original_language_id, category_id) VALUES (1, 'Привет', 2, 1), (2, 'Пока', 2, 1), (3, 'Спасибо', 2, 1), (4, 'Пожалуйста', 2, 1), (5, 'Да', 2, 1), (6, 'Нет', 2, 1), (7, 'Как дела?', 2, 1), (8, 'Хорошо', 2, 1), (9, 'Плохо', 2, 1), (10, 'Извините', 2, 1), (11, 'Я не понимаю', 2, 1), (12, 'Где туалет?', 2, 1), (13, 'Сколько стоит?', 2, 1), (14, 'Помогите!', 2, 1), (15, 'Вода', 2, 1), (16, 'Еда', 2, 1), (17, 'Деньги', 2, 1), (18, 'Отель', 2, 1), (19, 'Больница', 2, 1), (20, 'Полиция', 2, 1), (21, 'Меню', 2, 2), (22, 'Счет', 2, 2), (23, 'Вегетарианское', 2, 2);
INSERT INTO phrase (id, original_text, original_language_id, category_id) VALUES (24, 'Автобус', 2, 3), (25, 'Поезд', 2, 3), (26, 'Такси', 2, 3), (27, 'Аэропорт', 2, 3), (28, 'Станция метро', 2, 3), (29, 'Билет', 2, 3), (30, 'Вокзал', 2, 3), (31, 'Водитель', 2, 3), (32, 'Маршрут', 2, 3), (33, 'Остановка', 2, 3);
INSERT INTO phrase (id, original_text, original_language_id, category_id) VALUES (34, 'Ресепшн', 2, 4), (35, 'Номер', 2, 4), (36, 'Бронирование', 2, 4), (37, 'Ключ', 2, 4), (38, 'Завтрак', 2, 4), (39, 'Врач', 2, 5), (40, 'Аптека', 2, 5), (41, 'Лекарство', 2, 5), (42, 'Боль', 2, 5), (43, 'Скорая помощь', 2, 5);

INSERT INTO translation (id, translated_text, language_id, phrase_id) VALUES (24, 'Bus', 1, 24), (25, 'Train', 1, 25), (26, 'Taxi', 1, 26), (27, 'Airport', 1, 27), (28, 'Metro station', 1, 28), (29, 'Ticket', 1, 29), (30, 'Train station', 1, 30), (31, 'Driver', 1, 31), (32, 'Route', 1, 32), (33, 'Stop', 1, 33);
INSERT INTO translation (id, translated_text, language_id, phrase_id) VALUES (34, 'Reception', 1, 34), (35, 'Room', 1, 35), (36, 'Booking', 1, 36), (37, 'Key', 1, 37), (38, 'Breakfast', 1, 38), (39, 'Doctor', 1, 39), (40, 'Pharmacy', 1, 40), (41, 'Medicine', 1, 41), (42, 'Pain', 1, 42), (43, 'Ambulance', 1, 43);
INSERT INTO translation (id, translated_text, language_id, phrase_id) VALUES (1, 'Hello', 1, 1), (2, 'Bye', 1, 2), (3, 'Thank you', 1, 3), (4, 'You are welcome', 1, 4), (5, 'Yes', 1, 5), (6, 'No', 1, 6), (7, 'How are you?', 1, 7), (8, 'Good', 1, 8), (9, 'Bad', 1, 9), (10, 'Sorry', 1, 10), (11, 'I don''t understand', 1, 11), (12, 'Where is the toilet?', 1, 12), (13, 'How much does it cost?', 1, 13), (14, 'Help!', 1, 14), (15, 'Water', 1, 15), (16, 'Food', 1, 16), (17, 'Money', 1, 17), (18, 'Hotel', 1, 18), (19, 'Hospital', 1, 19), (20, 'Police', 1, 20), (21, 'Menu', 1, 21), (22, 'Bill', 1, 22), (23, 'Vegetarian', 1, 23);
INSERT INTO translation (id, translated_text, language_id, phrase_id) VALUES (44, 'Hola', 3, 1), (45, 'Adiós', 3, 2), (46, 'Gracias', 3, 3), (47, 'De nada', 3, 4), (48, 'Sí', 3, 5), (49, 'No', 3, 6), (50, '¿Cómo estás?', 3, 7), (51, 'Bien', 3, 8), (52, 'Mal', 3, 9), (53, 'Lo siento', 3, 10), (54, 'No entiendo', 3, 11), (55, '¿Dónde está el baño?', 3, 12), (56, '¿Cuánto cuesta?', 3, 13), (57, '¡Ayuda!', 3, 14), (58, 'Agua', 3, 15), (59, 'Comida', 3, 16), (60, 'Dinero', 3, 17), (61, 'Hotel', 3, 18), (62, 'Hospital', 3, 19), (63, 'Policía', 3, 20), (64, 'Menú', 3, 21), (65, 'La cuenta', 3, 22), (66, 'Vegetariano', 3, 23), (67, 'Autobús', 3, 24), (68, 'Tren', 3, 25), (69, 'Taxi', 3, 26), (70, 'Aeropuerto', 3, 27), (71, 'Estación de metro', 3, 28), (72, 'Billete', 3, 29), (73, 'Estación de tren', 3, 30), (74, 'Conductor', 3, 31), (75, 'Ruta', 3, 32), (76, 'Parada', 3, 33), (77, 'Recepción', 3, 34), (78, 'Habitación', 3, 35), (79, 'Reserva', 3, 36), (80, 'Llave', 3, 37), (81, 'Desayuno', 3, 38), (82, 'Médico', 3, 39), (83, 'Farmacia', 3, 40), (84, 'Medicamento', 3, 41), (85, 'Dolor', 3, 42), (86, 'Ambulancia', 3, 43);